{
  "accuracy": 0.94,
  "classification_report": {
    "Fertilize": {
      "precision": 1.0,
      "recall": 1.0,
      "f1-score": 1.0,
      "support": 50.0
    },
    "irrigate": {
      "precision": 0.7777777777777778,
      "recall": 0.6363636363636364,
      "f1-score": 0.7,
      "support": 11.0
    },
    "none": {
      "precision": 0.9024390243902439,
      "recall": 0.9487179487179487,
      "f1-score": 0.925,
      "support": 39.0
    },
    "accuracy": 0.94,
    "macro avg": {
      "precision": 0.8934056007226738,
      "recall": 0.8616938616938615,
      "f1-score": 0.875,
      "support": 100.0
    },
    "weighted avg": {
      "precision": 0.9375067750677508,
      "recall": 0.94,
      "f1-score": 0.9377500000000001,
      "support": 100.0
    }
  },
  "confusion_matrix": [
    [
      50,
      0,
      0
    ],
    [
      0,
      7,
      4
    ],
    [
      0,
      2,
      37
    ]
  ]
}